Sıra;Adı Soyadı;Bölüm;01.09 Sal;02.09 Çar;03.09 Per;04.09 Cum;05.09 Cmt;06.09 PAZAR;07.09 Pzt;08.09 Sal;09.09 Çar;10.09 Per;11.09 Cum;12.09 Cmt;13.09 PAZAR;14.09 Pzt;15.09 Sal;16.09 Çar;17.09 Per;18.09 Cum;19.09 Cmt;20.09 PAZAR;21.09 Pzt;22.09 Sal;23.09 Çar;24.09 Per;25.09 Cum;26.09 Cmt;27.09 PAZAR;28.09 Pzt;29.09 Sal;30.09 Çar;Çalışılan Gün;Toplam Saat
1;ADALET KALAYCI;BALIK TEMİZLEME;;8.5;7.5;8.0;;;7.5;8.5;8.0;7.5;;9.5;;;;;8.5;8.5;;;;;;;;;;;;;10;82.0
2;ADEM YILDIRIM;;;;;7.5;7.5;;;;;10.5;;;;;;;;;;;;;;;;;;;;;3;25.5
3;ADVİYE YARICI;BALIK TEMİZLEME;7.5;8.5;7.5;8.0;8.0;;7.5;8.5;8.0;7.5;8.5;9.5;;8.5;7.5;7.5;8.5;8.5;8.5;;;;;;;;;;;;17;138.0
4;AHMET ALİ TÜRKMEN;ÜRETİM;;;7.5;7.5;7.5;;7.5;;7.5;7.5;7.5;7.5;;7.5;7.5;7.5;7.5;8.5;11.5;;;;;;;;;;;;14;110.0
5;AHMET BEYHAN;BAKIM;8.5;8.5;9.0;7.5;10.5;9.5;9.5;10.5;8.0;10.5;;10.5;9.0;10.5;7.5;10.5;9.5;7.5;10.5;8.5;;;;;;;;;;;19;176.0
6;AHMET ÇÇAYLAK;AMBAR;9.0;4.5;7.5;7.5;;;;;7.5;7.5;7.5;7.5;7.5;7.5;9.5;3.5;7.5;12.5;7.5;;;;;;;;;;;;15;114.0
7;AHMET ŞŞENER;MEYDAN;7.5;;;;;;4.5;;;;;;;7.5;7.5;7.5;7.5;7.5;;;;;;;;;;;;;7;49.5
8;AKİF TÜRKÇÜ;BALIK TEMİZLİK;7.5;8.5;8.5;8.0;8.0;;8.0;7.5;;8.0;7.5;;;8.0;8.0;8.0;8.5;8.5;8.5;;;;;;;;;;;;15;121.0
9;ALİ BALTA;;;;;;;;;;;;10.5;10.5;10.5;10.5;10.5;7.5;7.5;8.5;7.5;11.0;;;;;;;;;;;10;94.5
10;ALİ EŞREF AKIN;ÜRETİM;7.5;7.5;;10.5;10.5;;10.5;;10.5;;8.0;10.5;;;;10.5;10.5;10.5;;;;;;;;;;;;;11;107.0
11;ANIL DEMİRTAŞ;KONSERVE ÜRETİM ELEMANI;7.5;7.5;7.5;10.5;;11.0;7.5;7.5;11.5;7.5;7.5;;7.5;7.5;4.0;7.5;7.5;7.5;;4.5;;;;;;;;;;;17;131.5
12;ANUD ELMEAŞİ;BALIK TEMİZLEME;7.5;8.5;;;;;7.5;8.5;;;8.0;9.5;;;7.5;7.5;8.5;;8.5;;;;;;;;;;;;10;81.5
13;ARZU KILA;AMBAR;7.5;7.5;7.5;;7.5;;;7.5;7.5;10.0;7.5;7.5;7.5;;9.5;;7.0;10.0;9.5;;;;;;;;;;;;14;113.5
14;ARZU ÖZTÜRK;BALIK TEMİZLEME;7.5;8.5;7.5;;;;7.5;8.5;8.0;7.5;8.0;9.5;;8.5;7.5;7.5;8.5;8.5;8.5;;;;;;;;;;;;15;121.5
15;ASLI BAYRAKTAR;BALIK DOLUM;;10.5;9.5;;;;9.5;10.5;10.0;9.5;;11.5;;;;9.5;10.5;10.5;10.5;;;;;;;;;;;;11;112.0
16;ASYA TİLKİ;BALIK TEMİZLEME;7.5;8.5;7.5;8.0;8.0;;7.5;;;7.5;8.0;9.5;;8.5;;7.5;8.5;7.5;8.5;;;;;;;;;;;;14;112.5
17;ATAKAN KAVRAM;;;;;;7.5;;7.5;;7.5;;;;;;;;;;;;;;;;;;;;;;3;22.5
18;AYÇA KARAMAN;;;;;;;;;;;;7.5;7.5;;10.5;7.5;7.5;10.5;;10.5;;;;;;;;;;;;7;61.5
19;AYÇA SEZER;KALİTE;7.5;;15.0;14.5;15.0;;7.5;8.5;0.5;15.5;;10.5;;;9.5;7.5;8.5;8.0;9.5;;;;;;;;;;;;14;137.5
20;AYNUR DEMİRCAN;BALIK TEMİZLEME;7.5;8.5;7.5;8.0;8.0;;7.5;8.5;8.0;7.5;8.0;9.5;;8.5;7.5;7.5;8.5;8.5;8.5;;;;;;;;;;;;17;137.5
21;AYSEL ÇETİNTAŞ;ÜRETİM;7.5;7.5;7.5;7.5;10.5;;10.5;7.5;10.5;;10.5;10.5;;10.5;10.5;10.5;;10.5;10.5;;;;;;;;;;;;15;142.5
22;AYSEL GİRGİN;DİĞER;;;;;;;;;;;;;;8.5;;;;;;;;;;;;;;;;;1;8.5
23;AYSEL YILMAZ;BALIK TEMİZLEME;7.5;8.5;7.5;;;;;;;;;;;;;;;;;;;;;;;;;;;;3;23.5
24;AYŞE ÇENECİOĞLU;AMBAR;7.5;7.5;7.5;7.5;7.5;;7.5;7.5;7.5;10.0;7.5;7.5;7.5;7.5;9.5;10.0;7.0;10.0;9.5;;;;;;;;;;;;18;146.0
25;AYŞE KARAMAN;BALIK TEMİZLEME;7.5;8.5;7.5;8.0;8.0;;7.5;8.5;7.5;7.5;7.5;9.5;;8.5;7.5;7.5;;;;;;;;;;;;;;;14;111.0
26;AYŞE KURT;ÜRETİM;7.5;7.5;7.5;7.5;7.5;;;;;;;;;7.5;7.5;7.5;;;;;;;;;;;;;;;8;60.0
27;AYŞE YILMAZ-MKP;BALIK DOLUM;11.5;10.0;11.5;10.0;10.0;;8.0;10.5;10.0;11.5;10.0;11.0;;10.5;10.0;8.0;8.5;9.5;11.5;;;;;;;;;;;;17;172.0
28;BAHAR FİDAN;ÜRETİM;7.5;7.5;7.5;7.5;7.5;;16.0;7.5;11.5;11.5;7.5;11.5;16.0;7.5;0.5;16.0;7.5;7.5;10.5;7.5;;;;;;;;;;;19;176.0
29;BEDİA KAYMAZ;AMBAR;7.5;7.5;7.5;7.5;7.5;;7.5;7.5;7.5;10.0;7.5;7.5;7.5;7.5;9.5;10.0;7.0;10.0;9.5;;;;;;;;;;;;18;146.0
30;BEHİCE YALMAN;BALIK DOLUM;11.5;10.0;;;10.0;;8.5;10.5;10.0;11.5;10.0;8.0;;10.0;10.0;8.0;8.5;9.5;;;;;;;;;;;;;14;136.0
31;BERK BERBER;ÇEVRE MÜHENDİSİ;8.5;8.5;9.5;9.0;7.0;;8.0;10.5;5.0;8.5;11.5;6.5;;7.5;12.5;;;;8.5;;;;;;;;;;;;14;121.0
32;BETÜL TUNÇ;BALIK TEMİZLEME;7.5;;7.5;8.0;;;7.5;8.5;8.0;7.5;8.0;9.5;;8.5;7.5;7.5;7.5;7.0;;;;;;;;;;;;;14;110.0
33;BEYZA YAĞMUR HAN;ÜRETİM;;;;7.5;7.5;;;7.5;11.5;;;;;;;;;;;;;;;;;;;;;;4;34.0
34;BİLGİNUR SÜMER;BALIK TEMİZLEME;7.5;8.5;7.5;8.0;8.0;;7.5;;7.5;;8.0;9.5;;;7.5;7.5;8.5;8.5;8.0;;;;;;;;;;;;14;112.0
35;BİLGİYE TOPAL;BALIK TEMİZLEME;7.5;7.5;7.5;7.5;;;7.5;8.5;8.0;7.5;7.5;7.5;;8.5;7.5;7.5;8.5;8.5;8.5;;;;;;;;;;;;16;125.5
36;BUKET DÖNMEZ;KALİTE;7.5;7.5;7.5;7.5;8.0;;7.5;7.5;7.5;10.5;7.5;7.5;7.5;;;7.5;7.5;8.5;8.0;;;;;;;;;;;;16;125.0
37;BUKET SARİBAL;BALIK TEMİZLEME;7.5;;;8.0;;;;8.5;;;;;;8.5;;;;;;;;;;;;;;;;;4;32.5
38;BÜŞRA YAVRUKURT;ÜRETİM;7.5;;7.5;10.5;;;;;7.5;;;;;;;;;;;;;;;;;;;;;;4;33.0
39;CANER BALABAN;;;;;;7.5;;11.5;;;;;;;;;;;;;;;;;;;;;;;;2;19.0
40;CANSEL AKCAN;BALIK TEMİZLEME;7.5;8.5;7.5;8.0;;;;8.5;8.0;7.5;8.0;9.5;;;7.5;7.5;8.5;8.5;;;;;;;;;;;;;13;105.0
41;CANSEVER ÇÇAKMAK;AMBAR;7.5;7.5;7.5;7.5;7.5;;7.5;7.5;7.5;10.0;7.5;7.5;;7.5;9.5;10.0;7.0;10.0;9.5;;;;;;;;;;;;17;138.5
42;CEMALETTİN BEDİZCİ;BAKIM;9.5;9.5;9.5;9.5;9.0;;7.5;10.0;9.5;9.5;8.0;4.0;7.0;10.0;9.5;7.5;8.5;9.5;10.5;7.5;;;;;;;;;;;19;165.5
43;CEMİLE KARAN;BALIK TEMİZLEME;;;;;;;7.5;8.5;7.5;7.5;7.5;9.0;;8.5;7.5;;8.5;8.5;8.0;;;;;;;;;;;;11;88.5
44;CEYDA ÖZ;KALİTE;7.5;7.5;7.5;7.5;7.5;;7.5;7.5;7.5;7.5;7.5;7.5;;;7.5;7.5;7.5;8.5;11.5;;;;;;;;;;;;16;125.0
45;CEYLAN BATAN;BALIK TEMİZLEME;7.5;8.5;7.5;8.0;8.0;;7.5;8.5;8.0;7.5;8.0;9.5;;8.5;7.5;;8.5;8.5;8.5;;;;;;;;;;;;16;130.0
46;CİHAN YILMAZ;BALIK;7.5;7.5;7.5;7.5;10.5;;7.5;7.5;7.5;7.5;8.0;9.5;;10.5;7.5;7.5;7.5;7.5;7.5;11.0;;;;;;;;;;;18;147.0
47;ÇİDEM FİDAN;BALIK TEMİZLEME;7.5;8.5;7.5;8.0;8.0;;;8.5;8.0;7.5;8.0;9.5;;8.5;7.5;7.5;8.5;7.0;8.5;;;;;;;;;;;;16;128.5
48;ÇİSEM BÇAKIR;KALİTE;7.5;7.5;7.5;9.5;7.5;;7.5;7.5;7.5;7.5;8.0;7.5;8.0;7.5;7.5;7.5;7.5;7.5;7.5;;;;;;;;;;;;18;138.0
49;DAİMİLA GÖKÇE;ÜRETİM;7.5;7.5;;;10.5;;;;;;;;;;;;;;;;;;;;;;;;;;3;25.5
50;DEMİRHAN GÖKGÖZ;;;;;;;;;;;;10.5;10.5;;10.5;10.5;;10.5;10.5;;;;;;;;;;;;;6;63.0
51;DERYA SEVİNÇ;FORMEN;7.5;8.5;7.5;8.0;8.0;;7.5;8.5;8.0;7.5;8.5;9.5;;8.5;7.5;7.5;8.5;8.5;8.5;;;;;;;;;;;;17;138.0
52;DİLEK ÇEKİN;BALIK TEMİZLEME;7.5;8.5;7.5;8.0;8.0;;7.5;8.5;8.0;7.5;;;;;;;;;;;;;;;;;;;;;9;71.0
53;DİLEK ÇETİN;;7.5;7.5;7.5;;10.5;;10.5;10.5;10.5;10.5;7.5;7.5;;7.5;7.5;7.5;;;7.5;;;;;;;;;;;;14;120.0
54;DÖNDÜ ŞAHİN;KALİTE;7.5;7.5;7.5;8.0;;;7.5;7.5;7.5;7.5;7.5;8.5;8.5;8.0;;;7.5;7.5;7.5;;;;;;;;;;;;15;115.5
55;DUDU ÖRENGÜL;KALİTE;;;8.0;8.0;8.0;;5.5;8.0;9.5;9.5;9.5;9.5;;10.0;7.5;7.5;8.5;8.5;8.5;;;;;;;;;;;;15;126.0
56;DUHA EL MUFADDİ;BALIK TEMİZLEME;7.5;8.5;7.5;8.0;8.0;;7.5;8.5;8.0;7.5;8.5;9.5;;8.5;7.5;7.5;8.5;8.5;8.5;;;;;;;;;;;;17;138.0
57;EBRU ÖÖZALP;BALIK TEMİZLEME;7.5;8.5;7.5;8.0;8.0;;7.5;8.5;;7.5;7.5;9.5;;8.5;7.5;7.5;8.5;;;;;;;;;;;;;;14;112.0
58;EDİP EKİNCİ;KAZAN;11.5;7.5;11.5;11.5;7.5;12.0;11.5;12.0;11.0;11.5;7.5;8.0;12.0;11.5;9.5;10.0;12.0;11.5;11.5;7.5;;;;;;;;;;;20;208.5
59;EFE EVİM;AMBAR;7.5;7.5;7.5;7.5;7.5;;7.5;7.5;7.5;10.0;7.5;7.5;;7.5;9.5;9.5;7.0;10.0;9.5;;;;;;;;;;;;17;138.0
60;EFRAİM DUMAN;AMBAR;11.5;7.5;11.5;11.5;12.0;;11.5;12.0;11.5;11.5;12.5;7.5;12.0;11.5;7.5;7.5;7.5;7.5;11.5;;;;;;;;;;;;18;185.5
61;EİREMŞAH KIZILKAYA;BALIK DOLUM;;;;;;;8.5;10.5;10.0;11.5;10.0;10.5;;10.5;10.0;8.0;8.5;9.5;11.5;;;;;;;;;;;;12;119.0
62;ELİF TUNÇ;KALİTE;7.5;9.0;9.0;7.5;;;7.5;18.0;;8.5;8.0;4.0;;7.5;8.5;;;5.0;8.5;;;;;;;;;;;;13;108.5
63;ELİF YAVAŞ;MUHASEBE;7.5;7.5;7.5;7.5;6.5;;7.5;7.5;7.5;8.5;11.5;;;7.5;11.0;7.5;8.0;7.0;7.5;;;;;;;;;;;;16;127.5
64;ELMAS OLTAN;DİĞER;;;;;;;10.5;;;;;;;;;;;;;;;;;;;;;;;;1;10.5
65;ELMAS OMAY;AMBAR;7.5;8.5;7.5;8.0;8.0;;7.5;8.5;8.0;10.0;7.5;7.5;7.5;;9.5;10.0;7.5;10.0;9.5;;;;;;;;;;;;17;142.5
66;EMEL SANAN;AMBAR;7.5;7.5;7.5;7.5;7.5;;7.5;7.5;7.5;10.0;7.5;7.5;7.5;7.5;9.5;10.0;7.0;10.0;9.5;;;;;;;;;;;;18;146.0
67;EMİNE ATEŞ;BALIK TEMİZLEME;7.5;8.5;7.5;8.0;;;7.5;;;;7.5;9.5;;8.5;7.5;7.5;8.5;8.5;8.5;;;;;;;;;;;;13;105.0
68;EMİNE BAYER;AMBAR;7.5;7.5;7.5;7.5;7.5;;7.5;7.5;7.5;10.0;7.5;7.5;7.5;7.5;9.5;10.0;7.0;10.0;9.5;;;;;;;;;;;;18;146.0
69;EMİNE ÇAPAR;YEMEKHANE;9.0;8.5;9.0;9.0;9.0;4.5;8.5;9.5;9.0;9.5;9.0;9.0;9.5;8.5;9.0;9.0;9.0;9.0;9.0;4.5;;;;;;;;;;;20;171.0
70;EMİNE KARAMAN;BALIK TEMİZLEME;7.5;8.5;7.5;8.0;8.0;;7.5;8.5;8.0;7.5;8.5;9.5;;8.5;7.5;7.5;8.5;8.5;8.5;;;;;;;;;;;;17;138.0
71;EMİNE SARI;YEMEKHANE;7.5;;;8.0;7.5;;7.5;8.5;7.5;7.5;7.5;9.5;;8.0;7.5;7.5;8.5;8.5;8.0;;;;;;;;;;;;15;119.0
72;EMİNE ŞENTÜRK CİNGÖZ;BALIK TEMİZLEME;7.5;8.5;7.5;8.0;;;;;8.0;7.5;8.0;9.5;;8.5;7.5;7.5;8.5;8.5;8.5;;;;;;;;;;;;14;113.5
73;EMİNE YAVUZ;BALIK TEMİZLEME;7.5;8.5;7.5;8.0;8.0;;7.5;8.5;8.0;7.5;8.0;9.5;;8.5;7.5;7.5;8.5;8.5;8.5;;;;;;;;;;;;17;137.5
74;EMİRHAN MUTLU;BAKIM;7.5;13.5;7.5;8.5;7.5;8.5;10.5;8.0;10.5;8.5;10.5;8.0;8.0;7.5;10.5;7.5;10.5;10.5;8.0;;;;;;;;;;;;19;171.5
75;EMRE BAŞAR;ÜRETİM;;;;;;;;10.5;7.5;;8.0;;;;10.5;10.5;;8.5;10.5;;;;;;;;;;;;7;66.0
76;EMRİCAN DURMAN;DİĞER;;;;;;;;;;;10.5;10.5;;10.5;10.5;10.5;10.5;10.5;;;;;;;;;;;;;7;73.5
77;ENDER BİLBAY;KAPI GÖREVLİSİ;7.5;7.5;7.5;7.5;7.5;7.5;7.5;7.5;7.5;7.5;7.5;7.5;7.5;7.5;7.5;;7.5;7.5;7.5;7.5;;;;;;;;;;;19;142.5
78;ENES ABDE;BALIK TEMİZLEME;7.5;;7.5;8.0;8.0;;7.5;8.5;8.0;7.5;8.5;9.5;;8.5;7.5;7.5;;;8.5;;;;;;;;;;;;14;112.5
79;ERCAN POLAT;BİLGİSAYAR MÜHENDİSİ;7.5;8.5;7.5;8.0;8.0;;7.5;8.5;8.0;8.0;10.5;9.5;;8.5;9.0;7.5;8.5;7.5;14.0;;;;;;;;;;;;17;146.5
80;ERCÜMENT AYGÜL;AMBAR;9.0;4.5;7.5;6.5;10.5;;7.5;;;18.5;7.5;6.5;;10.5;;;;;;;;;;;;;;;;;10;88.5
81;ERDİN TETİK;MEYDAN;7.5;7.5;7.5;7.5;7.5;;7.5;7.5;7.5;7.5;7.5;7.5;;7.5;8.5;7.5;7.5;7.5;7.5;;;;;;;;;;;;17;128.5
82;ERSİN ESER;BAKIM;7.5;7.5;7.5;7.5;7.5;;7.5;7.5;11.5;11.5;11.5;11.5;11.5;7.5;11.0;11.5;11.0;11.0;7.5;;;;;;;;;;;;18;169.5
83;ESMER BİÇER;ÜRETİM;7.5;7.5;;;10.5;;7.5;7.5;;;;;;;;;;;;;;;;;;;;;;;5;40.5
84;EYÜP EKİNCİ;ELEKTRİK;7.5;7.5;;7.5;7.5;;;;;;;;;;;;;;;;;;;;;;;;;;4;30.0
85;FATMAGÜL ÇEKİ;BALIK DOLUM;11.5;10.0;11.5;10.0;10.0;;8.0;10.5;10.0;11.5;10.0;11.0;;10.5;10.0;8.0;8.5;9.5;11.5;;;;;;;;;;;;17;172.0
86;FATMA ÇAM;ÜRETİM;;7.5;7.5;7.5;7.5;;7.5;7.5;7.5;7.5;7.5;7.5;7.5;7.5;7.5;7.5;7.5;8.5;11.5;;;;;;;;;;;;17;132.5
87;FATMA DEMİRER;BALIK TEMİZLEME;7.5;8.5;7.5;8.0;8.0;;7.5;8.5;8.0;7.5;7.5;9.5;;8.5;7.5;7.5;8.5;8.5;8.5;;;;;;;;;;;;17;137.0
88;FATMA ÖZÇAM;ÜRETİM;7.5;7.5;7.5;7.5;7.5;;7.5;7.5;7.5;7.5;7.5;7.5;7.5;7.5;7.5;7.5;7.5;8.5;11.5;;;;;;;;;;;;18;140.0
89;FERUDUN BAKAN;ÜRETİM;7.5;7.5;7.5;7.5;7.5;;7.5;7.5;7.5;7.5;7.5;7.5;;7.5;7.5;7.5;7.5;8.5;11.5;;;;;;;;;;;;17;132.5
90;FEVZİYE EREL;BALIK TEMİZLEME;;8.5;7.5;8.0;8.0;;7.5;8.5;8.0;7.5;8.0;9.5;;8.5;7.5;7.5;8.5;8.5;8.5;;;;;;;;;;;;16;130.0
91;FİSUN ETİLER;;7.5;8.5;7.5;;;;7.5;8.5;7.5;7.5;8.0;9.5;;8.5;7.5;7.5;8.5;8.5;8.5;;;;;;;;;;;;15;121.0
92;GURBET DUMAN;BALIK TEMİZLEME;7.5;8.5;7.5;8.0;8.0;;7.5;8.5;8.0;7.5;;9.5;;8.5;;7.5;8.5;8.5;8.5;;;;;;;;;;;;15;122.0
93;GÜLAY GÜNDOĞDU;BALIK TEMİZLEME;;8.5;7.5;8.0;;;7.5;8.5;7.5;7.5;7.5;9.5;;8.5;;;8.5;8.5;8.5;;;;;;;;;;;;13;106.0
94;GÜLCAN BİLGİÇ;AMBAR;7.5;7.5;7.5;7.5;7.5;;7.5;7.5;7.5;;;7.5;7.5;7.5;9.5;9.5;7.0;10.0;9.5;;;;;;;;;;;;16;128.0
95;GÜLER ÇAPKIN;BALIK TEMİZLEME;7.5;8.5;7.5;8.0;8.0;;7.5;8.5;;;8.0;9.5;;;;;;;;;;;;;;;;;;;9;73.0
96;GÜLPERİ KALENDER;BALIK TEMİZLEME;;8.5;7.5;8.0;8.0;;7.5;;;7.5;;9.5;;8.5;7.5;;8.5;7.0;8.5;;;;;;;;;;;;12;96.5
97;GÜLSÜM GÖRGÜLÜ;AMBAR;7.5;7.5;7.5;7.5;7.5;;7.5;7.5;7.5;10.0;7.5;7.5;7.5;7.5;9.5;9.5;7.0;10.0;9.5;;;;;;;;;;;;18;145.5
98;GÜLŞEN YAĞMUR YÜKSEL;ÜRETİM;7.5;7.5;7.5;10.5;10.5;;10.5;10.5;7.5;;;;;;;;;;;;;;;;;;;;;;8;72.0
99;GÜLTEN DURMAZ;BALIK DOLUM;11.5;10.0;11.5;10.0;10.0;;8.5;10.5;10.0;11.5;10.0;10.5;;10.5;10.0;8.0;8.5;9.5;11.5;;;;;;;;;;;;17;172.0
100;GÜLTEN GİDER;AMBAR;7.5;7.5;7.5;7.5;7.5;;7.5;7.5;7.5;10.0;7.5;7.5;7.5;7.5;9.5;10.0;7.0;10.0;9.5;;;;;;;;;;;;18;146.0
101;GÜLÜMSER KARABIYIK;BALIK TEMİZLEME;;7.5;7.5;8.0;;;7.5;8.5;7.5;;8.0;9.5;;8.5;7.5;7.5;;8.5;;;;;;;;;;;;;12;96.0
102;GÜRAY PALA;BALIK KESİM;9.5;9.5;9.5;;;11.0;13.5;9.5;14.0;13.5;13.5;;12.0;14.0;17.5;9.5;;;;9.0;;;;;;;;;;;14;165.5
103;HACER BEYHAN;BALIK TEMİZLEME;;;7.5;8.0;;;7.5;8.5;8.0;7.5;8.0;9.5;;;;;;8.5;8.5;;;;;;;;;;;;10;81.5
104;HAFİZE AVCIOĞLU;BALIK TEMİZLEME;7.5;8.5;7.5;8.0;8.0;;7.5;8.5;8.0;7.5;8.0;9.5;;8.5;7.5;7.5;8.5;8.5;8.5;;;;;;;;;;;;17;137.5
105;HAMİDE DURAK;;;;;;7.5;;10.5;;7.5;;;;;;;;;;;;;;;;;;;;;;3;25.5
106;HAMİT GİRGİN;BALIK TEMİZLEME;9.5;8.5;7.5;9.5;8.0;;7.5;;8.0;;;;;8.5;;6.0;8.5;8.5;9.5;;;;;;;;;;;;12;99.5
107;HANDAN TOPTİK;ÜRETİM;;;;;;;;;;;;;;10.5;10.5;;10.5;10.5;10.5;;;;;;;;;;;;5;52.5
108;HANİFE YILDIRIM;BALIK TEMİZLEME;;;7.5;8.0;8.0;;7.5;8.5;8.0;7.5;7.5;9.5;;8.5;7.5;7.5;8.5;8.5;;;;;;;;;;;;;14;112.5
109;HARUN YAHYA DURSUN;BALIK DOLUM;14.5;11.5;13.5;13.0;10.5;;9.0;11.5;12.5;;12.0;14.5;;9.5;12.5;11.0;12.0;10.5;9.5;2.5;;;;;;;;;;;17;190.0
110;HATİCE ERBAŞ;AMBAR;;;;;;;;;;;;;;7.5;9.5;10.0;7.0;10.0;9.5;;;;;;;;;;;;6;53.5
111;HATİCE GÖLBAŞ;ÜRETİM;7.5;;;;10.5;;10.5;7.5;;10.5;10.5;;10.5;10.5;;10.5;10.5;10.5;10.5;;;;;;;;;;;;12;120.0
112;HATİCE KURT;ÜRETİM;7.5;7.5;7.5;7.5;7.5;;;7.5;7.5;7.5;;7.5;7.5;7.5;7.5;7.5;7.5;8.5;11.5;;;;;;;;;;;;16;125.0
113;HATİCE ONUK;ÜRETİM;7.5;7.5;7.5;7.5;7.5;;7.5;8.5;;7.5;8.0;9.5;7.5;7.5;7.5;7.5;8.5;8.5;8.0;;;;;;;;;;;;17;133.5
114;HATİCE SAVAŞÇI;BALIK TEMİZLEME;7.5;8.5;7.5;8.0;8.0;;7.5;8.5;7.5;7.5;7.5;9.5;;;7.5;7.5;8.5;8.5;8.5;;;;;;;;;;;;16;128.0
115;HAVVA ALPER;BALIK DOLUM;11.5;10.0;11.5;10.0;10.0;;8.0;10.5;10.0;11.5;10.0;11.0;;10.5;10.0;8.0;8.5;9.5;11.5;;;;;;;;;;;;17;172.0
116;HAVVA BAYRAM;BALIK TEMİZLEME;7.5;8.5;7.5;8.0;8.0;;7.5;8.5;7.5;7.5;;;;8.5;7.5;7.5;8.5;8.5;;;;;;;;;;;;;14;111.0
117;HAYRİYE BEYİRKEN;ÜRETİM;;7.5;7.5;10.5;;;;10.5;7.5;10.5;10.5;10.5;7.5;;10.5;10.5;;;10.5;;;;;;;;;;;;12;114.0
118;HAYRULLAH TOPRAK;AMBAR;7.5;7.5;7.5;7.5;8.0;;7.5;;7.5;7.5;7.5;9.5;;7.5;7.5;7.5;7.5;;;;;;;;;;;;;;14;107.5
119;HÜLYA TANIŞ;BALIK TEMİZLEME;7.5;8.5;7.5;8.0;8.0;;7.5;8.5;7.5;;;;;8.5;7.5;7.5;;;;;;;;;;;;;;;11;86.5
120;HÜLYA TOPAL;AMBAR;7.5;7.5;7.5;7.5;7.5;;7.5;;7.5;;;;;7.5;9.5;10.0;7.0;10.0;9.5;;;;;;;;;;;;13;106.0
121;HÜLYA ÜÜNAL;AMBAR;7.5;7.5;7.5;7.5;7.5;;7.5;7.5;7.5;;;;;7.5;9.5;10.0;7.0;10.0;9.5;;;;;;;;;;;;14;113.5
122;İBÜŞRAHİM YILDIRIM;MEYDAN;8.5;11.0;7.5;7.5;7.5;10.5;10.0;10.0;9.5;10.5;8.0;10.5;10.0;10.5;9.5;10.5;8.5;8.5;8.0;8.0;;;;;;;;;;;20;184.5
123;İSMAİL BARAK;BALIK KESİM;9.5;9.5;9.5;12.5;;11.0;;9.5;;13.5;9.5;;;9.5;;;;;;;;;;;;;;;;;9;94.0
124;İSMAİL İMİR;OTOKLAV OPERATÖRÜ;7.0;9.0;8.5;10.5;7.5;;8.0;8.0;7.5;11.0;9.5;10.0;;10.0;10.0;7.5;;10.5;7.0;;;;;;;;;;;;16;141.5
125;KADİR AZAR;AMBAR;7.5;8.5;7.5;8.0;12.0;;7.5;8.5;8.0;10.5;7.5;7.5;7.5;7.0;7.5;10.5;8.5;;7.5;;;;;;;;;;;;17;141.5
126;KADRİYE BEYHAN;BALIK TEMİZLEME;7.5;8.5;7.5;;;;7.5;8.5;8.0;7.5;8.0;9.5;;8.5;7.5;7.5;8.5;8.5;8.5;;;;;;;;;;;;15;121.5
127;KAMİLE DAĞDÇELEN;AMBAR;7.5;7.5;;7.5;7.5;;7.5;7.5;7.5;7.5;7.5;7.5;7.5;7.5;9.5;9.5;7.0;;9.5;;;;;;;;;;;;16;125.5
128;KEFA EL HUDUR;BALIK TEMİZLEME;7.5;8.5;7.5;8.0;;;7.5;8.5;8.0;7.5;8.5;9.5;;8.5;7.5;7.5;8.5;8.5;8.5;;;;;;;;;;;;16;130.0
129;KEMAL DURMUŞ;İŞLETME;5.0;22.5;7.5;7.5;12.0;;;12.0;11.5;11.5;7.5;7.5;12.0;11.5;11.5;7.5;7.5;7.5;11.5;;;;;;;;;;;;17;173.5
130;KEZİBAN ARAS;ÜRETİM;;;;7.5;7.5;;;;11.5;;7.5;;;;4.0;16.0;11.5;7.5;;;;;;;;;;;;;8;73.0
131;KÜBÜŞRA ALTAY;SATIN ALMA;7.5;8.5;7.5;8.0;7.5;;7.5;8.5;8.0;7.5;8.0;7.5;;8.5;7.5;7.5;8.5;8.5;7.5;;;;;;;;;;;;17;134.0
132;KÜRŞAT TÜRKAN;BAKIM;8.5;8.5;8.5;10.0;8.0;9.5;9.5;8.5;9.0;9.0;9.0;8.0;9.0;9.0;7.0;8.0;6.0;7.5;8.5;8.5;;;;;;;;;;;20;169.5
133;LEYLA KOYUN;ÜRETİM;7.5;7.5;;;;;;;;;;;;;;;;;;;;;;;;;;;;;2;15.0
134;MACİDE PIRLAK;BALIK TEMİZLEME;;8.5;7.5;;;;;;8.0;7.5;;;;;;;;;;;;;;;;;;;;;4;31.5
135;MAHİR HİLMİ ULUKÖK;YENİ BALIK HATTI;7.0;7.5;8.5;10.5;7.5;7.5;8.0;8.0;7.5;11.0;9.5;10.0;;10.0;10.0;9.5;4.0;10.5;7.0;;;;;;;;;;;;18;153.5
136;MAHİZER BAĞ;BALIK TEMİZLEME;;;;;;;;;;;8.0;;;;7.5;7.5;8.5;8.5;8.5;;;;;;;;;;;;6;48.5
137;MAHMOUD ALZALEK;ELEKTRİK;11.5;7.5;;;;12.0;11.5;12.0;12.0;11.5;7.5;7.5;13.0;11.5;11.5;7.5;7.5;7.5;11.5;7.5;;;;;;;;;;;17;170.5
138;MAHMURE ESEN;BALIK TEMİZLEME;7.5;8.5;7.5;8.0;8.0;;7.5;8.5;8.0;7.5;8.0;9.5;;;;;;;;;;;;;;;;;;;11;88.5
139;MEHMET EMİN BATUR;;;;;;;;;;;;7.5;10.5;;10.5;10.5;10.5;;10.5;10.5;;;;;;;;;;;;7;70.5
140;MEHMET KARTAL;AMBAR;10.0;7.5;;;;;3.5;12.0;11.5;7.5;7.5;7.5;7.5;12.0;9.5;10.0;7.5;12.5;9.0;;;;;;;;;;;;15;135.0
141;MELEK CEYHAN;DİĞER;;;;;;;;;;;;;;;;;;;11.5;;;;;;;;;;;;1;11.5
142;MELİSA YILMAZ;ÜRETİM;7.5;7.5;7.5;7.5;;;;;;;;;10.5;10.5;;;10.5;10.5;10.5;;;;;;;;;;;;9;82.5
143;MEMNUNE KARAMAN;BALIK TEMİZLEME;7.5;8.5;7.5;8.0;;;;8.5;7.5;7.5;7.5;;;8.5;7.5;7.5;8.5;8.5;;;;;;;;;;;;;13;103.0
144;MENEKŞE DURMAN;;;;;;;;;;;;7.5;10.5;;10.5;10.5;10.5;10.5;10.5;;;;;;;;;;;;;7;70.5
145;MESERRET DAĞ;ÜRETİM;;;;;7.5;;16.0;7.5;11.5;11.5;;;;11.5;;16.0;7.5;7.5;16.0;;;;;;;;;;;;10;112.5
146;MESUT ERDEL;BAKIM;8.5;7.5;9.0;8.5;7.0;8.5;9.0;8.0;8.0;8.5;8.5;8.0;8.5;7.5;7.5;7.5;;7.5;;8.0;;;;;;;;;;;18;145.5
147;METANET DİNÇER;ÜRETİM;;;;;;;;7.5;11.5;11.5;7.5;;;7.5;4.0;;;;;;;;;;;;;;;;6;49.5
148;MHD BASSEL ALZALEK(BASİL);ELEKTRİK;7.5;7.5;7.5;15.5;7.5;10.0;7.5;10.5;10.5;10.5;7.5;10.5;10.5;9.5;;7.5;7.5;7.5;7.5;7.5;;;;;;;;;;;19;170.0
149;MUHAMMED SAMİH SERHAN(SEMİH);AMBAR;10.5;7.5;7.5;16.5;7.5;;;12.0;6.5;6.0;5.5;7.5;7.5;;10.0;7.5;9.5;10.5;7.5;5.5;;;;;;;;;;;17;145.0
150;MUKATDES KARAMANOĞLU;BALIK TEMİZLEME;7.5;;7.5;8.0;8.0;;7.5;8.5;8.0;7.5;7.5;9.5;;8.5;7.5;7.5;8.5;8.5;8.5;;;;;;;;;;;;16;128.5
151;MURAT YONSUL;AMBAR;10.0;7.5;;;;;11.5;10.5;7.5;16.5;;13.5;14.5;13.5;13.0;11.5;13.5;11.5;12.5;11.5;;;;;;;;;;;15;178.5
152;MUSTAFA KAYA;İŞLETME;7.5;8.0;7.5;1.5;10.5;;10.5;10.5;10.5;10.5;11.0;8.5;10.0;10.5;10.5;10.5;10.5;10.5;4.0;5.5;;;;;;;;;;;19;168.5
153;MUSTAFA KURT;;;;;;8.0;;;8.5;7.5;;7.0;7.5;;7.5;4.0;7.5;7.5;7.5;10.5;;;;;;;;;;;;11;83.0
154;MÜCAHİT ÇOLAK;BALIK TEMİZLEME;7.5;8.5;7.5;8.0;8.0;;7.5;8.5;8.0;7.5;8.0;9.5;;8.5;7.5;7.5;8.5;8.5;8.5;;;;;;;;;;;;17;137.5
155;MÜRVET ÇAKAN;BALIK TEMİZLEME;7.5;8.5;7.5;8.0;8.0;;7.5;8.5;8.0;7.5;;;;8.5;7.5;7.5;8.5;8.5;8.5;;;;;;;;;;;;15;120.0
156;MÜRVET ŞAFAK;ÜRETİM;;8.5;7.5;9.5;;;;7.5;7.5;7.5;7.5;;;;;7.5;7.5;7.5;7.5;;;;;;;;;;;;11;85.5
157;MÜZEYYEN ERDİNÇ;BALIK TEMİZLEME;7.5;8.5;7.5;8.0;8.0;;7.5;8.5;8.0;7.5;7.5;9.5;;8.5;7.5;7.5;8.5;8.5;8.5;;;;;;;;;;;;17;137.0
158;NACİYE KARABULUT;BALIK TEMİZLEME;7.5;8.5;7.5;8.0;8.0;;7.5;8.5;7.5;7.5;7.5;9.5;;8.5;7.5;7.5;8.5;8.5;8.5;;;;;;;;;;;;17;136.5
159;NAİL AKSOY;ŞÖFÖR;7.5;7.5;7.5;8.5;7.5;7.5;;7.5;7.5;7.5;7.5;7.0;;7.5;7.5;7.5;7.5;7.5;7.5;7.5;;;;;;;;;;;18;135.5
160;NAZMİYE ÇELİK;BALIK TEMİZLEME;7.5;8.5;7.5;8.0;8.0;;7.5;8.5;8.0;7.5;8.0;9.5;;8.5;7.5;7.5;8.5;8.5;8.5;;;;;;;;;;;;17;137.5
161;NECİFE BAĞ;BALIK TEMİZLEME;7.5;8.5;7.5;8.0;8.0;;;;;7.5;8.0;9.5;;8.5;7.5;7.5;8.5;8.5;8.5;;;;;;;;;;;;14;113.5
162;NECLA ABİ;BALIK TEMİZLEME;7.5;8.5;7.5;8.0;8.0;;7.5;8.5;8.0;7.5;8.5;9.5;;8.5;7.5;7.5;8.5;8.5;8.5;;;;;;;;;;;;17;138.0
163;NECMİYE ÜÜLKER;BALIK TEMİZLEME;7.5;8.5;7.5;8.0;8.0;;7.5;8.5;7.5;7.5;8.0;9.5;;8.5;7.5;7.5;8.5;8.5;8.5;;;;;;;;;;;;17;137.0
164;NECMİ SEVER;MEYDAN;7.5;7.5;7.5;7.5;7.5;7.5;7.5;7.0;7.5;8.0;7.5;7.5;;7.5;7.5;7.5;7.5;7.5;7.5;;;;;;;;;;;;18;135.0
165;NERMİN BİÇER;ÜRETİM;7.5;7.5;;;7.5;;7.5;7.5;;;;;;;;;;;;;;;;;;;;;;;5;37.5
166;NESRİN GÜZEL;BALIK TEMİZLEME;7.5;8.5;7.5;8.0;8.0;;7.5;8.5;7.5;7.5;7.5;9.5;;8.5;7.5;7.5;8.5;8.5;8.5;;;;;;;;;;;;17;136.5
167;NURAY AVCI;YEMEKHANE;7.5;8.5;7.5;8.0;8.0;;7.5;8.5;7.5;7.5;7.5;9.0;;8.5;;7.5;8.5;8.5;8.0;;;;;;;;;;;;16;128.0
168;NURAY ELİSÇIKIŞ;AMBAR;7.5;8.5;7.5;8.0;8.0;;7.5;8.5;7.5;7.5;7.5;9.5;;;7.5;7.5;8.5;8.5;8.0;;;;;;;;;;;;16;127.5
169;NURAY LAÇİN;ÜRETİM;7.5;7.5;;;7.5;;7.5;10.5;;;;9.5;;8.0;;;;;;;;;;;;;;;;;7;58.0
170;NURCAN EREN;BALIK TEMİZLEME;7.5;8.5;7.5;8.0;8.0;;7.5;8.5;7.5;7.5;7.5;9.5;;8.5;7.5;7.5;8.5;8.5;;;;;;;;;;;;;16;128.0
171;NURGÜL ADIGÜL;ÜRETİM;7.5;7.5;7.5;7.5;7.5;;7.5;7.5;7.5;7.5;7.5;7.5;;7.5;7.5;7.5;7.5;8.5;11.5;;;;;;;;;;;;17;132.5
172;NURGÜL PARLAS;ÜRETİM;7.5;7.5;7.5;7.5;7.5;;7.5;7.5;7.5;7.5;7.5;7.5;;7.5;7.5;7.5;7.5;8.5;11.5;;;;;;;;;;;;17;132.5
173;NURİYE AKKUŞ;BALIK TEMİZLEME;7.5;8.5;;;8.0;;7.5;8.5;8.0;7.5;8.0;9.5;;8.5;7.5;7.5;8.5;8.5;8.5;;;;;;;;;;;;15;122.0
174;NURİ GÜLSER;KAPI GÖREVLİSİ;7.5;7.5;7.5;7.5;7.5;7.5;7.5;7.5;7.5;7.5;7.5;7.5;7.5;7.5;7.5;7.5;7.5;7.5;;7.5;;;;;;;;;;;19;142.5
175;NURTEN CAN;ÜRETİM;7.5;8.5;7.5;9.5;7.5;;7.5;9.5;7.5;7.5;7.5;7.5;;7.5;7.5;;7.5;;;;;;;;;;;;;;14;110.0
176;NURTEN ERDEM;BALIK TEMİZLEME;7.5;8.5;;;;;;8.5;8.0;7.5;8.0;9.5;;8.5;;7.5;8.5;8.5;8.5;;;;;;;;;;;;12;99.0
177;OZAN BUĞA;BAKIM;8.5;7.5;7.5;7.5;5.0;;9.0;7.0;7.5;9.0;7.5;7.5;7.0;7.5;7.5;7.0;7.0;8.0;3.5;;;;;;;;;;;;18;131.0
178;ÖMÜRLÜ FERİK;KAZAN;10.5;10.5;10.5;8.0;8.0;9.5;7.5;10.5;8.0;12.5;12.0;10.5;10.0;7.5;10.5;10.5;10.5;7.5;;;;;;;;;;;;;18;174.5
179;ÖMÜR SEPETÇİ;ÜRETİM;7.5;8.5;7.5;8.0;8.0;;8.0;8.5;8.0;7.5;;9.5;;10.0;;7.5;8.5;8.5;8.0;10.0;;;;;;;;;;;16;133.5
180;PERİHAN YOZAN;DİĞER;;;;;;;8.0;8.5;;;;;;;;;;;;;;;;;;;;;;;2;16.5
181;RABİYE ÇENECİOĞLU;BALIK TEMİZLEME;7.5;8.5;7.5;8.0;8.0;;7.5;8.5;7.5;7.5;;;;8.5;7.5;7.5;8.5;8.5;8.0;;;;;;;;;;;;15;119.0
182;RAMAZAN KÜÇÜKÇÇAKIR;ŞÖFÖR;7.5;7.5;7.5;7.5;7.5;;7.5;7.5;7.5;7.5;7.5;;10.5;7.5;7.5;7.5;7.5;7.5;7.5;;;;;;;;;;;;17;130.5
183;RECEP İÇÖZ;MEYDAN;7.5;;7.5;7.5;7.5;7.5;7.5;7.5;7.5;7.5;4.0;7.5;7.5;7.5;7.5;7.5;7.5;7.5;7.5;7.5;;;;;;;;;;;19;139.0
184;RIDVAN DEMİRDAK;ŞÖFÖR;7.5;7.0;8.0;;7.0;7.0;7.5;7.5;7.5;7.5;7.5;7.5;7.5;7.5;7.5;;7.5;8.0;;7.5;;;;;;;;;;;17;127.0
185;ROJDA DAĞ;;;;;;;;;;;11.5;7.5;11.5;;11.5;0.5;12.0;;;;;;;;;;;;;;;6;54.5
186;RUKİYE UZUN;BALIK TEMİZLEME;7.5;8.5;7.5;8.0;;;;;;;;;;8.5;7.5;7.5;8.5;8.5;8.5;;;;;;;;;;;;10;80.5
187;SABİHA AKIN;ÜRETİM;7.5;;7.5;10.5;10.5;;;;;;;;;;;10.5;;10.5;;;;;;;;;;;;;6;57.0
188;SABİHA GİRGİN;ÜRETİM;;8.5;7.5;;;;7.5;7.5;;7.5;7.5;7.5;;7.5;7.5;;;;7.5;;;;;;;;;;;;10;76.0
189;SABRİ ACAR;YENİ BALIK HATTI;7.5;7.5;7.5;7.5;;7.5;7.5;7.0;7.5;7.5;7.5;;7.5;7.5;7.5;7.5;7.5;7.5;;7.5;;;;;;;;;;;17;127.0
190;SAMET YUMİTKAN;ÜRETİM;7.5;7.5;7.5;10.5;10.5;;10.5;;10.5;10.5;8.0;10.5;;10.5;10.5;;10.5;7.5;10.5;;;;;;;;;;;;15;143.0
191;SANİYE AKBAY;ÜRETİM;;;;;;;;7.5;;;;;;;;;;7.5;11.5;;;;;;;;;;;;3;26.5
192;SANİYE CEYLAN;AMBAR;7.5;7.5;7.5;7.5;7.5;;7.5;7.5;7.5;10.0;7.5;7.5;;7.5;9.5;10.0;;10.0;9.5;;;;;;;;;;;;16;131.5
193;SARA EROĞLU;AMBAR;7.5;8.5;7.5;8.0;7.5;;7.5;7.5;7.5;10.0;7.0;;;7.5;9.5;10.0;7.0;10.0;9.5;;;;;;;;;;;;16;132.0
194;SÇEVİKAT ÇELİK;ÜRETİM;;;;7.5;7.5;;11.5;;11.5;11.5;7.5;11.5;;10.5;7.5;16.0;7.5;;;;;;;;;;;;;;11;110.0
195;SEÇİL ARIBOĞA;ÜRETİM;7.5;7.5;7.5;10.5;10.5;;;;;;;;;;;10.5;10.5;10.5;10.5;;;;;;;;;;;;9;85.5
196;SEHER ÖZDEN;YEMEKHANE;7.5;8.5;7.5;8.0;8.0;;7.5;8.5;7.5;;;;7.5;8.5;7.5;;8.5;8.5;8.0;;;;;;;;;;;;14;111.5
197;SELAHATTİN SÜGÜT;ŞÖFÖR;9.5;9.0;10.0;9.5;8.5;7.5;9.0;9.5;9.5;11.0;8.0;0.5;7.5;8.0;8.5;8.5;9.0;9.5;8.5;7.5;;;;;;;;;;;20;168.5
198;SELİM KIRAY;;;;;;10.5;;10.5;7.5;;;8.0;9.0;;;;;6.5;7.5;8.5;;;;;;;;;;;;8;68.0
199;SELMATA ANIK;ÜRETİM;7.5;7.5;7.5;7.5;;;16.0;7.5;11.5;11.5;7.5;11.5;;7.5;4.0;16.0;7.5;7.5;16.0;;;;;;;;;;;;16;154.0
200;SELMA AYHAN;ÜRETİM;7.5;7.5;7.5;7.5;7.5;;7.5;7.5;7.5;7.5;7.5;7.5;7.5;7.5;7.5;7.5;7.5;8.5;11.5;;;;;;;;;;;;18;140.0
201;SELMA TUNÇ;BALIK TEMİZLEME;7.5;8.5;7.5;8.0;8.0;;7.5;8.5;8.0;7.5;7.5;9.5;;8.5;7.5;7.5;7.5;8.5;8.5;;;;;;;;;;;;17;136.0
202;SEMANUR GÜLIŞIK;FORMEN;7.5;8.5;7.5;8.0;8.0;;;;;;;;;;7.5;7.5;8.5;8.5;8.5;;;;;;;;;;;;10;80.0
203;SERAP KURUMLU;BALIK TEMİZLEME;;;;;;;;8.5;8.0;7.5;8.0;9.5;;;7.5;7.5;;;;;;;;;;;;;;;7;56.5
204;SEREN BURHAN;BALIK TEMİZLEME;7.5;8.5;7.5;8.0;8.0;;;;8.0;7.5;8.5;9.5;;8.5;7.5;7.5;;;;;;;;;;;;;;;12;96.5
205;SERKAN YUMİTKAN;ÜRETİM;3.0;7.5;7.5;10.5;;;;10.5;10.5;10.5;10.5;10.5;;;;;;;;;;;;;;;;;;;9;81.0
206;SERPİL İİPEK;;7.5;7.5;7.5;10.5;7.5;;;7.5;12.0;11.5;7.5;11.5;;;10.5;10.5;10.5;10.5;10.5;;;;;;;;;;;;15;143.0
207;SEVGİ AYCAN;BALIK TEMİZLEME;7.5;8.5;7.5;8.0;;;7.5;8.5;8.0;7.5;8.0;9.5;;8.5;7.5;7.5;;;;;;;;;;;;;;;13;104.0
208;SEVİLAY DÖNMEZ;BALIK TEMİZLEME;7.5;8.5;7.5;8.0;8.0;;7.5;8.5;8.0;7.5;8.5;9.5;;8.5;;7.5;8.5;8.5;8.5;;;;;;;;;;;;16;130.5
209;SEZAİ ÇELİK;BALIK;7.5;7.5;;7.5;8.0;;7.5;;7.5;7.5;8.0;;;7.5;7.5;7.5;7.5;8.5;7.5;11.0;;;;;;;;;;;15;118.0
210;SEZGİN İRGÖREN;DİĞER;;;;7.5;7.5;;10.5;5.5;7.5;;8.0;9.0;;8.5;8.0;6.0;6.5;6.5;8.5;;;;;;;;;;;;13;99.5
211;SEZGİN YILDIRIM;ÜRETİM;7.5;7.5;7.5;7.5;;7.5;7.5;7.5;7.5;7.5;7.5;7.5;7.5;7.5;7.5;7.5;7.5;8.5;11.5;;;;;;;;;;;;18;140.0
212;SILA GÜNEŞ;ÜRETİM;;;;;;;;;11.5;;7.5;;;;4.0;16.0;11.5;;;;;;;;;;;;;;5;50.5
213;SİBEL ÇÇAKIR;ÜRETİM;7.5;7.5;7.5;7.5;7.5;;7.5;7.5;7.5;7.5;7.5;7.5;7.5;7.5;7.5;7.5;7.5;8.5;11.5;;;;;;;;;;;;18;140.0
214;SİBEL ÇİFTÇİ;BALIK TEMİZLEME;7.5;8.5;7.5;7.5;;;;;;;;;;;;;;;;;;;;;;;;;;;4;31.0
215;SİNEM PİRİZOĞLU;ÜRETİM;;;7.5;;;;;;;;;;;;;;;;;;;;;;;;;;;;1;7.5
216;SULTAN BAĞ;BALIK TEMİZLEME;7.5;8.5;7.5;8.0;8.0;;;;;7.5;8.0;9.5;;8.5;7.5;7.5;8.5;8.5;8.5;;;;;;;;;;;;14;113.5
217;SUZAN ÇİFTÇİ;DİĞER;;;;;;;;10.5;7.5;;;;;;;;;;;;;;;;;;;;;;2;18.0
218;ŞADİ BAŞARICI;BAKIM;8.5;8.5;8.5;1.0;;;8.0;7.5;7.5;6.0;6.5;7.5;7.5;8.0;;;;7.5;7.5;1.5;;;;;;;;;;;15;101.5
219;ŞAKİR KARAKAŞ;AMBAR;7.5;8.5;7.5;8.0;8.0;;7.5;8.5;8.0;7.5;8.0;9.5;;8.5;7.5;;;;8.0;;;;;;;;;;;;14;112.5
220;ŞAYİKA KOPARAN;AMBAR;7.5;7.5;7.5;7.5;7.5;;7.5;7.5;7.5;10.0;7.5;7.5;7.5;7.5;;;6.5;9.5;9.5;;;;;;;;;;;;16;125.5
221;ŞENGÜL ALEMİN;ÜRETİM;;;;7.5;;;10.5;7.5;16.0;10.5;7.5;10.5;;7.5;;;;7.5;7.5;;;;;;;;;;;;10;92.5
222;ŞERBANE SARAN;BALIK TEMİZLEME;7.5;;;;;;;;7.5;7.5;7.5;9.5;;8.5;7.5;7.5;8.5;8.5;8.5;;;;;;;;;;;;11;88.5
223;ŞEYMA İİPEK;;;;;;;;;;;;7.5;9.0;;;;7.5;10.5;8.5;8.0;;;;;;;;;;;;6;51.0
224;TALHA YAVAŞ;KALİTE;9.5;9.5;9.5;9.5;9.0;;7.5;7.5;7.5;7.5;7.5;8.5;8.5;8.0;;;7.5;7.5;7.5;;;;;;;;;;;;16;132.0
225;TANER BEYİRKEN;ÜRETİM;;7.5;7.5;7.5;;;7.5;10.5;10.5;;;;;;10.5;7.5;;;10.5;;;;;;;;;;;;9;79.5
226;TAYFUN ÇELİK;MEYDAN;7.5;9.5;7.5;9.5;10.5;9.5;10.0;8.5;8.0;;8.5;9.5;;10.0;10.5;7.5;8.5;8.5;7.5;;;;;;;;;;;;17;151.0
227;TAYFUN GÜNCÜ;BALIK TEMİZLEME;7.5;8.5;7.5;8.0;8.0;;7.5;8.5;7.5;7.5;8.0;9.5;;8.5;7.5;7.5;8.5;8.5;8.5;;;;;;;;;;;;17;137.0
228;TAYFUN TIĞRAK;FORMEN;9.5;9.5;9.5;9.5;9.0;;7.5;10.0;9.5;9.5;8.0;;;10.0;9.5;7.5;8.5;9.5;10.5;;;;;;;;;;;;16;147.0
229;TUNCAY METİN;KAPI GÖREVLİSİ;7.5;7.5;7.5;7.5;;7.5;7.5;7.5;7.5;;7.5;7.5;7.5;7.5;7.5;7.5;;7.5;7.5;7.5;;;;;;;;;;;17;127.5
230;ÜMİT BATIN TÜRKAN;BAKIM;8.5;8.5;8.5;10.0;8.0;9.5;9.5;8.5;9.0;9.0;9.5;8.0;9.0;9.0;7.0;8.5;;;;;;;;;;;;;;;16;140.0
231;ÜMMÜGÜLSÜM BAĞ;BALIK TEMİZLEME;7.5;8.5;7.5;8.0;8.0;;7.5;8.5;8.0;;;9.5;;8.5;;7.5;8.5;8.5;8.5;;;;;;;;;;;;14;114.5
232;ÜMMÜ AYDOĞAN;ÜRETİM;7.5;8.5;7.5;9.5;7.5;;7.5;9.5;7.5;7.5;8.0;7.5;;7.5;7.5;7.5;7.5;7.5;7.5;;;;;;;;;;;;17;133.0
233;ÜVEYS SEPETÇİ;ÜRETİM;7.5;8.5;8.0;8.0;8.0;;8.0;8.5;8.0;7.5;;9.5;;10.0;7.5;7.5;8.5;8.5;8.0;10.0;;;;;;;;;;;17;141.5
234;VAHİDE YAŞAR;ÜRETİM;7.5;7.5;7.5;7.5;7.5;;7.5;7.5;7.5;;;;;;;;;;;;;;;;;;;;;;8;60.0
235;YEŞİM BEYİRKEN;ÜRETİM;;7.5;7.5;10.5;;;;10.5;;;;;;;;;;;;;;;;;;;;;;;4;36.0
236;YURDANUR ÇELİK;BALIK TEMİZLEME;7.5;8.5;7.5;5.0;;;;;;;;;;;;;;;;;;;;;;;;;;;4;28.5
237;YUSUF ÇETİN;;7.5;7.5;7.5;10.5;10.5;;10.5;10.5;;10.5;10.5;10.5;;10.5;7.5;10.5;10.5;;10.5;;;;;;;;;;;;15;145.5
238;YUSUF SAMAR;MUHASEBE;7.5;8.5;7.5;8.0;7.5;;7.5;8.5;8.0;8.0;8.5;9.5;;8.5;7.5;7.5;8.5;8.5;8.5;;;;;;;;;;;;17;138.0
239;ZAHİDE GÜRBÜZ;BALIK TEMİZLEME;7.5;8.5;7.5;8.0;8.0;;7.5;8.5;8.0;7.5;7.5;9.5;;8.5;7.5;7.5;8.5;8.5;8.5;;;;;;;;;;;;17;137.0
240;ZAHİDE HAĞİ;BALIK TEMİZLEME;7.5;8.5;8.0;8.0;8.0;;;8.5;8.0;7.5;8.0;9.5;;8.5;7.5;7.5;8.5;8.5;8.5;;;;;;;;;;;;16;130.5
241;ZAHİDE KALDEMİR;BALIK TEMİZLEME;7.5;8.5;7.5;8.0;8.0;;7.5;8.5;8.0;7.5;8.5;9.5;;8.5;7.5;7.5;8.5;8.5;8.5;;;;;;;;;;;;17;138.0
242;ZAHİDE NEDİRLİ;KALİTE;7.5;7.5;7.5;8.0;8.0;;7.5;8.5;8.0;7.5;8.5;7.5;7.5;;7.5;7.5;8.5;8.5;8.5;;;;;;;;;;;;17;134.0
243;ZAHİDE ÖKÇE;ÜRETİM;;;;;;;;;;;;;;7.5;4.0;16.0;10.5;;;;;;;;;;;;;;4;38.0
244;ZEHRA ONUK;ÜRETİM;7.5;7.5;7.5;8.0;8.0;;7.5;7.5;;7.5;8.0;9.5;7.5;7.5;7.5;7.5;8.5;8.5;8.0;;;;;;;;;;;;17;133.5
245;ZEKİYE ŞEKER;BALIK TEMİZLEME;;;;;;;;;;;;;;;;;8.5;8.5;8.5;;;;;;;;;;;;3;25.5
246;ZELİHA KEİREMETÇİ;BALIK TEMİZLEME;7.5;;7.5;8.0;8.0;;;8.5;8.0;7.5;8.0;;;8.5;7.5;7.5;8.5;8.5;8.5;;;;;;;;;;;;14;112.0
247;ZELİHA ORUÇ;BALIK TEMİZLEME;7.5;8.5;7.5;;;;7.5;8.5;8.0;7.5;8.0;9.5;;8.5;7.5;7.5;8.5;8.5;8.5;;;;;;;;;;;;15;121.5
248;ZEYNEP KARAMAN;BALIK TEMİZLEME;7.5;8.5;7.5;8.0;8.0;;7.5;8.5;;7.5;7.5;9.5;;8.5;7.5;;8.5;8.5;8.0;;;;;;;;;;;;15;121.0
249;ZEYNEP KURT;BALIK DOLUM;11.5;10.0;11.5;10.0;10.0;;8.0;10.5;;;;11.0;;10.5;10.0;8.0;8.5;9.5;11.5;;;;;;;;;;;;14;140.5
250;ZEYNEP ONBAŞI;YEMEKHANE;7.5;8.5;7.5;8.0;8.0;;7.5;8.5;7.5;7.5;7.5;;7.5;8.5;7.5;7.5;8.5;8.5;8.0;;;;;;;;;;;;17;134.0
